segment,lon (deg),lat (deg),depth (m),slip (m),strike (deg),dip (deg),rake (deg),rupturetime (s),length (m),width (m)
1,165.592000,-46.312200,6350.775700,0.041940,23.500000,13.370000,139.210000,nan,5000.000000,5000.000000
1,165.649000,-46.329400,7906.544700,0.090050,23.500000,18.130000,136.720000,nan,5000.000000,5000.000000
1,165.704000,-46.346300,9769.246700,0.137980,23.500000,21.870000,137.250000,nan,5000.000000,5000.000000
1,165.759000,-46.362700,11871.709100,0.177040,23.500000,24.860000,138.990000,nan,5000.000000,5000.000000
1,165.812000,-46.378800,14167.486900,0.200260,23.500000,27.330000,141.310000,nan,5000.000000,5000.000000
1,165.864000,-46.394600,16625.729200,0.203550,23.500000,29.450000,144.000000,nan,5000.000000,5000.000000
1,165.915000,-46.410100,19227.878100,0.186200,23.500000,31.360000,147.120000,nan,5000.000000,5000.000000
1,165.965000,-46.425200,21963.444500,0.150980,23.500000,33.170000,151.100000,nan,5000.000000,5000.000000
1,166.014000,-46.440100,24828.085600,0.103780,23.500000,34.950000,157.620000,nan,5000.000000,5000.000000
1,166.062000,-46.454600,27822.026000,0.054160,23.500000,36.770000,175.010000,nan,5000.000000,5000.000000
1,166.109000,-46.468800,30947.840600,0.031270,23.500000,38.670000,244.800000,nan,5000.000000,5000.000000
1,166.155000,-46.482600,34206.857600,0.060380,23.500000,40.650000,288.910000,nan,5000.000000,5000.000000
1,166.199000,-46.496000,37600.637200,0.088990,23.500000,42.720000,296.970000,nan,5000.000000,5000.000000
1,166.242000,-46.508900,41129.865900,0.102870,23.500000,44.850000,297.320000,nan,5000.000000,5000.000000
1,166.283000,-46.521400,44791.157800,0.097050,23.500000,47.030000,294.330000,nan,5000.000000,5000.000000
1,166.323000,-46.533400,48578.584800,0.067140,23.500000,49.200000,285.760000,nan,5000.000000,5000.000000
1,166.361000,-46.544900,52485.718600,0.026220,23.500000,51.340000,214.920000,nan,5000.000000,5000.000000
1,165.617000,-46.271000,6350.775700,0.109590,23.500000,13.370000,144.640000,nan,5000.000000,5000.000000
1,165.674000,-46.288200,7906.544700,0.229980,23.500000,18.130000,139.090000,nan,5000.000000,5000.000000
1,165.730000,-46.305000,9769.246700,0.348190,23.500000,21.870000,139.020000,nan,5000.000000,5000.000000
1,165.784000,-46.321500,11871.709100,0.443570,23.500000,24.860000,140.490000,nan,5000.000000,5000.000000
1,165.838000,-46.337600,14167.486900,0.500340,23.500000,27.330000,142.660000,nan,5000.000000,5000.000000
1,165.890000,-46.353400,16625.729200,0.509260,23.500000,29.450000,145.290000,nan,5000.000000,5000.000000
1,165.941000,-46.368800,19227.878100,0.468890,23.500000,31.360000,148.430000,nan,5000.000000,5000.000000
1,165.991000,-46.384000,21963.444500,0.385870,23.500000,33.170000,152.460000,nan,5000.000000,5000.000000
1,166.040000,-46.398800,24828.085600,0.274190,23.500000,34.950000,158.820000,nan,5000.000000,5000.000000
1,166.088000,-46.413400,27822.026000,0.155600,23.500000,36.770000,173.640000,nan,5000.000000,5000.000000
1,166.135000,-46.427600,30947.840600,0.081590,23.500000,38.670000,226.680000,nan,5000.000000,5000.000000
1,166.181000,-46.441400,34206.857600,0.127380,23.500000,40.650000,281.320000,nan,5000.000000,5000.000000
1,166.225000,-46.454800,37600.637200,0.190430,23.500000,42.720000,294.080000,nan,5000.000000,5000.000000
1,166.268000,-46.467700,41129.865900,0.221380,23.500000,44.850000,296.080000,nan,5000.000000,5000.000000
1,166.309000,-46.480200,44791.157800,0.207290,23.500000,47.030000,293.770000,nan,5000.000000,5000.000000
1,166.349000,-46.492200,48578.584800,0.140660,23.500000,49.200000,285.240000,nan,5000.000000,5000.000000
1,166.387000,-46.503600,52485.718600,0.054990,23.500000,51.340000,214.940000,nan,5000.000000,5000.000000
1,165.643000,-46.229700,6350.775700,0.204090,23.500000,13.370000,146.670000,nan,5000.000000,5000.000000
1,165.700000,-46.247000,7906.544700,0.417980,23.500000,18.130000,140.590000,nan,5000.000000,5000.000000
1,165.756000,-46.263800,9769.246700,0.625270,23.500000,21.870000,140.290000,nan,5000.000000,5000.000000
1,165.810000,-46.280300,11871.709100,0.791590,23.500000,24.860000,141.620000,nan,5000.000000,5000.000000
1,165.863000,-46.296400,14167.486900,0.890990,23.500000,27.330000,143.720000,nan,5000.000000,5000.000000
1,165.916000,-46.312100,16625.729200,0.908380,23.500000,29.450000,146.350000,nan,5000.000000,5000.000000
1,165.967000,-46.327600,19227.878100,0.841610,23.500000,31.360000,149.510000,nan,5000.000000,5000.000000
1,166.017000,-46.342700,21963.444500,0.701990,23.500000,33.170000,153.540000,nan,5000.000000,5000.000000
1,166.066000,-46.357600,24828.085600,0.513070,23.500000,34.950000,159.600000,nan,5000.000000,5000.000000
1,166.114000,-46.372100,27822.026000,0.310030,23.500000,36.770000,172.150000,nan,5000.000000,5000.000000
1,166.161000,-46.386300,30947.840600,0.159330,23.500000,38.670000,211.500000,nan,5000.000000,5000.000000
1,166.207000,-46.400100,34206.857600,0.188560,23.500000,40.650000,271.980000,nan,5000.000000,5000.000000
1,166.251000,-46.413500,37600.637200,0.283680,23.500000,42.720000,290.950000,nan,5000.000000,5000.000000
1,166.294000,-46.426500,41129.865900,0.333010,23.500000,44.850000,294.910000,nan,5000.000000,5000.000000
1,166.335000,-46.439000,44791.157800,0.310320,23.500000,47.030000,293.240000,nan,5000.000000,5000.000000
1,166.374000,-46.450900,48578.584800,0.205370,23.500000,49.200000,284.110000,nan,5000.000000,5000.000000
1,166.412000,-46.462400,52485.718600,0.087430,23.500000,51.340000,205.950000,nan,5000.000000,5000.000000
1,165.669000,-46.188500,6350.775700,0.326330,23.500000,13.370000,146.870000,nan,5000.000000,5000.000000
1,165.726000,-46.205700,7906.544700,0.650020,23.500000,18.130000,141.230000,nan,5000.000000,5000.000000
1,165.782000,-46.222600,9769.246700,0.961640,23.500000,21.870000,140.940000,nan,5000.000000,5000.000000
1,165.836000,-46.239000,11871.709100,1.211280,23.500000,24.860000,142.240000,nan,5000.000000,5000.000000
1,165.889000,-46.255100,14167.486900,1.361460,23.500000,27.330000,144.340000,nan,5000.000000,5000.000000
1,165.941000,-46.270900,16625.729200,1.390440,23.500000,29.450000,146.990000,nan,5000.000000,5000.000000
1,165.992000,-46.286400,19227.878100,1.295240,23.500000,31.360000,150.190000,nan,5000.000000,5000.000000
1,166.043000,-46.301500,21963.444500,1.092380,23.500000,33.170000,154.190000,nan,5000.000000,5000.000000
1,166.092000,-46.316400,24828.085600,0.815940,23.500000,34.950000,159.910000,nan,5000.000000,5000.000000
1,166.140000,-46.330900,27822.026000,0.515180,23.500000,36.770000,170.570000,nan,5000.000000,5000.000000
1,166.187000,-46.345100,30947.840600,0.268160,23.500000,38.670000,200.170000,nan,5000.000000,5000.000000
1,166.232000,-46.358900,34206.857600,0.240070,23.500000,40.650000,261.330000,nan,5000.000000,5000.000000
1,166.277000,-46.372300,37600.637200,0.357730,23.500000,42.720000,287.950000,nan,5000.000000,5000.000000
1,166.319000,-46.385200,41129.865900,0.426160,23.500000,44.850000,294.150000,nan,5000.000000,5000.000000
1,166.361000,-46.397700,44791.157800,0.396450,23.500000,47.030000,293.070000,nan,5000.000000,5000.000000
1,166.400000,-46.409700,48578.584800,0.254730,23.500000,49.200000,282.990000,nan,5000.000000,5000.000000
1,166.438000,-46.421200,52485.718600,0.124590,23.500000,51.340000,194.360000,nan,5000.000000,5000.000000
1,165.695000,-46.147200,6350.775700,0.472080,23.500000,13.370000,145.980000,nan,5000.000000,5000.000000
1,165.752000,-46.164500,7906.544700,0.917650,23.500000,18.130000,141.120000,nan,5000.000000,5000.000000
1,165.807000,-46.181300,9769.246700,1.345430,23.500000,21.870000,140.960000,nan,5000.000000,5000.000000
1,165.862000,-46.197800,11871.709100,1.688450,23.500000,24.860000,142.310000,nan,5000.000000,5000.000000
1,165.915000,-46.213900,14167.486900,1.896460,23.500000,27.330000,144.460000,nan,5000.000000,5000.000000
1,165.967000,-46.229700,16625.729200,1.940260,23.500000,29.450000,147.170000,nan,5000.000000,5000.000000
1,166.018000,-46.245100,19227.878100,1.815760,23.500000,31.360000,150.420000,nan,5000.000000,5000.000000
1,166.068000,-46.260300,21963.444500,1.544900,23.500000,33.170000,154.390000,nan,5000.000000,5000.000000
1,166.117000,-46.275100,24828.085600,1.172920,23.500000,34.950000,159.760000,nan,5000.000000,5000.000000
1,166.166000,-46.289700,27822.026000,0.763560,23.500000,36.770000,168.870000,nan,5000.000000,5000.000000
1,166.212000,-46.303900,30947.840600,0.405310,23.500000,38.670000,191.510000,nan,5000.000000,5000.000000
1,166.258000,-46.317700,34206.857600,0.281420,23.500000,40.650000,249.470000,nan,5000.000000,5000.000000
1,166.302000,-46.331100,37600.637200,0.405510,23.500000,42.720000,285.310000,nan,5000.000000,5000.000000
1,166.345000,-46.344000,41129.865900,0.494050,23.500000,44.850000,294.090000,nan,5000.000000,5000.000000
1,166.386000,-46.356500,44791.157800,0.460650,23.500000,47.030000,293.580000,nan,5000.000000,5000.000000
1,166.426000,-46.368500,48578.584800,0.285870,23.500000,49.200000,282.420000,nan,5000.000000,5000.000000
1,166.464000,-46.379900,52485.718600,0.166230,23.500000,51.340000,182.780000,nan,5000.000000,5000.000000
1,165.720000,-46.106000,6350.775700,0.633200,23.500000,13.370000,144.350000,nan,5000.000000,5000.000000
1,165.777000,-46.123300,7906.544700,1.208120,23.500000,18.130000,140.360000,nan,5000.000000,5000.000000
1,165.833000,-46.140100,9769.246700,1.759830,23.500000,21.870000,140.410000,nan,5000.000000,5000.000000
1,165.888000,-46.156600,11871.709100,2.203380,23.500000,24.860000,141.860000,nan,5000.000000,5000.000000
1,165.941000,-46.172600,14167.486900,2.474780,23.500000,27.330000,144.090000,nan,5000.000000,5000.000000
1,165.993000,-46.188400,16625.729200,2.536700,23.500000,29.450000,146.880000,nan,5000.000000,5000.000000
1,166.044000,-46.203900,19227.878100,2.383480,23.500000,31.360000,150.200000,nan,5000.000000,5000.000000
1,166.094000,-46.219000,21963.444500,2.042480,23.500000,33.170000,154.150000,nan,5000.000000,5000.000000
1,166.143000,-46.233900,24828.085600,1.570290,23.500000,34.950000,159.210000,nan,5000.000000,5000.000000
1,166.191000,-46.248400,27822.026000,1.045250,23.500000,36.770000,167.010000,nan,5000.000000,5000.000000
1,166.238000,-46.262600,30947.840600,0.565770,23.500000,38.670000,184.360000,nan,5000.000000,5000.000000
1,166.284000,-46.276400,34206.857600,0.313950,23.500000,40.650000,235.940000,nan,5000.000000,5000.000000
1,166.328000,-46.289800,37600.637200,0.420500,23.500000,42.720000,283.070000,nan,5000.000000,5000.000000
1,166.371000,-46.302800,41129.865900,0.531080,23.500000,44.850000,294.990000,nan,5000.000000,5000.000000
1,166.412000,-46.315300,44791.157800,0.499220,23.500000,47.030000,295.070000,nan,5000.000000,5000.000000
1,166.452000,-46.327200,48578.584800,0.296970,23.500000,49.200000,282.920000,nan,5000.000000,5000.000000
1,166.490000,-46.338700,52485.718600,0.210360,23.500000,51.340000,171.790000,nan,5000.000000,5000.000000
1,165.746000,-46.064800,6350.775700,0.799410,23.500000,13.370000,142.160000,nan,5000.000000,5000.000000
1,165.803000,-46.082000,7906.544700,1.505230,23.500000,18.130000,139.050000,nan,5000.000000,5000.000000
1,165.859000,-46.098900,9769.246700,2.183420,23.500000,21.870000,139.350000,nan,5000.000000,5000.000000
1,165.913000,-46.115300,11871.709100,2.730790,23.500000,24.860000,140.920000,nan,5000.000000,5000.000000
1,165.967000,-46.131400,14167.486900,3.069140,23.500000,27.330000,143.250000,nan,5000.000000,5000.000000
1,166.019000,-46.147200,16625.729200,3.152530,23.500000,29.450000,146.150000,nan,5000.000000,5000.000000
1,166.070000,-46.162700,19227.878100,2.973380,23.500000,31.360000,149.550000,nan,5000.000000,5000.000000
1,166.120000,-46.177800,21963.444500,2.564090,23.500000,33.170000,153.510000,nan,5000.000000,5000.000000
1,166.169000,-46.192700,24828.085600,1.992330,23.500000,34.950000,158.290000,nan,5000.000000,5000.000000
1,166.217000,-46.207200,27822.026000,1.350500,23.500000,36.770000,164.960000,nan,5000.000000,5000.000000
1,166.264000,-46.221400,30947.840600,0.746530,23.500000,38.670000,177.990000,nan,5000.000000,5000.000000
1,166.310000,-46.235200,34206.857600,0.344720,23.500000,40.650000,219.750000,nan,5000.000000,5000.000000
1,166.354000,-46.248600,37600.637200,0.395560,23.500000,42.720000,280.820000,nan,5000.000000,5000.000000
1,166.397000,-46.261500,41129.865900,0.531220,23.500000,44.850000,297.050000,nan,5000.000000,5000.000000
1,166.438000,-46.274000,44791.157800,0.508320,23.500000,47.030000,297.770000,nan,5000.000000,5000.000000
1,166.478000,-46.286000,48578.584800,0.286550,23.500000,49.200000,284.920000,nan,5000.000000,5000.000000
1,166.515000,-46.297500,52485.718600,0.255270,23.500000,51.340000,161.220000,nan,5000.000000,5000.000000
1,165.772000,-46.023500,6350.775700,0.959830,23.500000,13.370000,139.530000,nan,5000.000000,5000.000000
1,165.829000,-46.040800,7906.544700,1.790700,23.500000,18.130000,137.290000,nan,5000.000000,5000.000000
1,165.885000,-46.057600,9769.246700,2.591400,23.500000,21.870000,137.840000,nan,5000.000000,5000.000000
1,165.939000,-46.074100,11871.709100,3.240930,23.500000,24.860000,139.550000,nan,5000.000000,5000.000000
1,165.992000,-46.090200,14167.486900,3.647150,23.500000,27.330000,141.980000,nan,5000.000000,5000.000000
1,166.044000,-46.106000,16625.729200,3.755500,23.500000,29.450000,144.990000,nan,5000.000000,5000.000000
1,166.096000,-46.121400,19227.878100,3.556190,23.500000,31.360000,148.500000,nan,5000.000000,5000.000000
1,166.146000,-46.136600,21963.444500,3.086120,23.500000,33.170000,152.490000,nan,5000.000000,5000.000000
1,166.195000,-46.151400,24828.085600,2.422950,23.500000,34.950000,157.040000,nan,5000.000000,5000.000000
1,166.243000,-46.166000,27822.026000,1.671780,23.500000,36.770000,162.720000,nan,5000.000000,5000.000000
1,166.290000,-46.180100,30947.840600,0.949330,23.500000,38.670000,172.070000,nan,5000.000000,5000.000000
1,166.335000,-46.194000,34206.857600,0.394260,23.500000,40.650000,200.630000,nan,5000.000000,5000.000000
1,166.380000,-46.207400,37600.637200,0.323990,23.500000,42.720000,276.940000,nan,5000.000000,5000.000000
1,166.423000,-46.220300,41129.865900,0.487720,23.500000,44.850000,300.470000,nan,5000.000000,5000.000000
1,166.464000,-46.232800,44791.157800,0.483740,23.500000,47.030000,301.900000,nan,5000.000000,5000.000000
1,166.503000,-46.244800,48578.584800,0.253710,23.500000,49.200000,288.880000,nan,5000.000000,5000.000000
1,166.541000,-46.256200,52485.718600,0.301110,23.500000,51.340000,151.050000,nan,5000.000000,5000.000000
1,165.798000,-45.982300,6350.775700,1.104260,23.500000,13.370000,136.570000,nan,5000.000000,5000.000000
1,165.855000,-45.999600,7906.544700,2.045780,23.500000,18.130000,135.170000,nan,5000.000000,5000.000000
1,165.910000,-46.016400,9769.246700,2.957420,23.500000,21.870000,135.980000,nan,5000.000000,5000.000000
1,165.965000,-46.032800,11871.709100,3.701660,23.500000,24.860000,137.810000,nan,5000.000000,5000.000000
1,166.018000,-46.048900,14167.486900,4.173440,23.500000,27.330000,140.340000,nan,5000.000000,5000.000000
1,166.070000,-46.064700,16625.729200,4.310290,23.500000,29.450000,143.460000,nan,5000.000000,5000.000000
1,166.121000,-46.080200,19227.878100,4.100260,23.500000,31.360000,147.070000,nan,5000.000000,5000.000000
1,166.171000,-46.095300,21963.444500,3.583840,23.500000,33.170000,151.120000,nan,5000.000000,5000.000000
1,166.221000,-46.110200,24828.085600,2.846780,23.500000,34.950000,155.510000,nan,5000.000000,5000.000000
1,166.269000,-46.124700,27822.026000,2.004230,23.500000,36.770000,160.340000,nan,5000.000000,5000.000000
1,166.316000,-46.138900,30947.840600,1.180480,23.500000,38.670000,166.600000,nan,5000.000000,5000.000000
1,166.361000,-46.152700,34206.857600,0.495780,23.500000,40.650000,181.450000,nan,5000.000000,5000.000000
1,166.405000,-46.166100,37600.637200,0.206450,23.500000,42.720000,264.060000,nan,5000.000000,5000.000000
1,166.448000,-46.179100,41129.865900,0.394040,23.500000,44.850000,305.730000,nan,5000.000000,5000.000000
1,166.490000,-46.191500,44791.157800,0.421470,23.500000,47.030000,307.870000,nan,5000.000000,5000.000000
1,166.529000,-46.203500,48578.584800,0.198670,23.500000,49.200000,295.650000,nan,5000.000000,5000.000000
1,166.567000,-46.215000,52485.718600,0.349440,23.500000,51.340000,141.690000,nan,5000.000000,5000.000000
1,165.824000,-45.941100,6350.775700,1.223960,23.500000,13.370000,133.460000,nan,5000.000000,5000.000000
1,165.881000,-45.958300,7906.544700,2.253070,23.500000,18.130000,132.820000,nan,5000.000000,5000.000000
1,165.936000,-45.975200,9769.246700,3.256240,23.500000,21.870000,133.860000,nan,5000.000000,5000.000000
1,165.991000,-45.991600,11871.709100,4.081530,23.500000,24.860000,135.800000,nan,5000.000000,5000.000000
1,166.044000,-46.007700,14167.486900,4.613070,23.500000,27.330000,138.410000,nan,5000.000000,5000.000000
1,166.096000,-46.023500,16625.729200,4.781840,23.500000,29.450000,141.610000,nan,5000.000000,5000.000000
1,166.147000,-46.038900,19227.878100,4.574150,23.500000,31.360000,145.330000,nan,5000.000000,5000.000000
1,166.197000,-46.054100,21963.444500,4.032900,23.500000,33.170000,149.460000,nan,5000.000000,5000.000000
1,166.246000,-46.069000,24828.085600,3.249010,23.500000,34.950000,153.760000,nan,5000.000000,5000.000000
1,166.294000,-46.083500,27822.026000,2.343720,23.500000,36.770000,157.940000,nan,5000.000000,5000.000000
1,166.341000,-46.097700,30947.840600,1.446560,23.500000,38.670000,161.800000,nan,5000.000000,5000.000000
1,166.387000,-46.111500,34206.857600,0.673890,23.500000,40.650000,166.530000,nan,5000.000000,5000.000000
1,166.431000,-46.124900,37600.637200,0.127860,23.500000,42.720000,198.840000,nan,5000.000000,5000.000000
1,166.474000,-46.137800,41129.865900,0.246930,23.500000,44.850000,315.550000,nan,5000.000000,5000.000000
1,166.515000,-46.150300,44791.157800,0.319670,23.500000,47.030000,317.150000,nan,5000.000000,5000.000000
1,166.555000,-46.162300,48578.584800,0.123770,23.500000,49.200000,308.640000,nan,5000.000000,5000.000000
1,166.593000,-46.173800,52485.718600,0.401060,23.500000,51.340000,133.910000,nan,5000.000000,5000.000000
1,165.849000,-45.899800,6350.775700,1.312150,23.500000,13.370000,130.430000,nan,5000.000000,5000.000000
1,165.906000,-45.917100,7906.544700,2.398370,23.500000,18.130000,130.430000,nan,5000.000000,5000.000000
1,165.962000,-45.933900,9769.246700,3.466700,23.500000,21.870000,131.650000,nan,5000.000000,5000.000000
1,166.016000,-45.950400,11871.709100,4.353800,23.500000,24.860000,133.660000,nan,5000.000000,5000.000000
1,166.070000,-45.966500,14167.486900,4.935860,23.500000,27.330000,136.310000,nan,5000.000000,5000.000000
1,166.122000,-45.982300,16625.729200,5.139550,23.500000,29.450000,139.570000,nan,5000.000000,5000.000000
1,166.173000,-45.997700,19227.878100,4.949900,23.500000,31.360000,143.370000,nan,5000.000000,5000.000000
1,166.223000,-46.012900,21963.444500,4.410520,23.500000,33.170000,147.590000,nan,5000.000000,5000.000000
1,166.272000,-46.027700,24828.085600,3.613680,23.500000,34.950000,151.880000,nan,5000.000000,5000.000000
1,166.320000,-46.042300,27822.026000,2.681800,23.500000,36.770000,155.640000,nan,5000.000000,5000.000000
1,166.367000,-46.056400,30947.840600,1.746140,23.500000,38.670000,157.880000,nan,5000.000000,5000.000000
1,166.413000,-46.070300,34206.857600,0.926990,23.500000,40.650000,157.120000,nan,5000.000000,5000.000000
1,166.457000,-46.083600,37600.637200,0.313960,23.500000,42.720000,149.030000,nan,5000.000000,5000.000000
1,166.500000,-46.096600,41129.865900,0.076080,23.500000,44.850000,9.470000,nan,5000.000000,5000.000000
1,166.541000,-46.109100,44791.157800,0.186690,23.500000,47.030000,337.530000,nan,5000.000000,5000.000000
1,166.581000,-46.121100,48578.584800,0.047500,23.500000,49.200000,1.410000,nan,5000.000000,5000.000000
1,166.619000,-46.132500,52485.718600,0.453710,23.500000,51.340000,128.420000,nan,5000.000000,5000.000000
1,165.875000,-45.858600,6350.775700,1.363920,23.500000,13.370000,127.770000,nan,5000.000000,5000.000000
1,165.932000,-45.875800,7906.544700,2.472210,23.500000,18.130000,128.190000,nan,5000.000000,5000.000000
1,165.988000,-45.892700,9769.246700,3.574650,23.500000,21.870000,129.530000,nan,5000.000000,5000.000000
1,166.042000,-45.909100,11871.709100,4.500230,23.500000,24.860000,131.570000,nan,5000.000000,5000.000000
1,166.095000,-45.925200,14167.486900,5.120850,23.500000,27.330000,134.230000,nan,5000.000000,5000.000000
1,166.148000,-45.941000,16625.729200,5.361360,23.500000,29.450000,137.500000,nan,5000.000000,5000.000000
1,166.199000,-45.956500,19227.878100,5.205700,23.500000,31.360000,141.350000,nan,5000.000000,5000.000000
1,166.249000,-45.971600,21963.444500,4.695550,23.500000,33.170000,145.660000,nan,5000.000000,5000.000000
1,166.298000,-45.986500,24828.085600,3.920170,23.500000,34.950000,150.020000,nan,5000.000000,5000.000000
1,166.346000,-46.001000,27822.026000,2.998730,23.500000,36.770000,153.600000,nan,5000.000000,5000.000000
1,166.393000,-46.015200,30947.840600,2.060690,23.500000,38.670000,154.960000,nan,5000.000000,5000.000000
1,166.439000,-46.029000,34206.857600,1.229430,23.500000,40.650000,151.840000,nan,5000.000000,5000.000000
1,166.483000,-46.042400,37600.637200,0.602760,23.500000,42.720000,140.120000,nan,5000.000000,5000.000000
1,166.526000,-46.055400,41129.865900,0.233550,23.500000,44.850000,108.480000,nan,5000.000000,5000.000000
1,166.567000,-46.067800,44791.157800,0.116690,23.500000,47.030000,53.040000,nan,5000.000000,5000.000000
1,166.606000,-46.079800,48578.584800,0.105440,23.500000,49.200000,94.340000,nan,5000.000000,5000.000000
1,166.644000,-46.091300,52485.718600,0.501930,23.500000,51.340000,125.530000,nan,5000.000000,5000.000000
1,165.901000,-45.817400,6350.775700,1.376090,23.500000,13.370000,125.750000,nan,5000.000000,5000.000000
1,165.958000,-45.834600,7906.544700,2.470750,23.500000,18.130000,126.310000,nan,5000.000000,5000.000000
1,166.014000,-45.851500,9769.246700,3.574770,23.500000,21.870000,127.690000,nan,5000.000000,5000.000000
1,166.068000,-45.867900,11871.709100,4.513670,23.500000,24.860000,129.740000,nan,5000.000000,5000.000000
1,166.121000,-45.884000,14167.486900,5.158800,23.500000,27.330000,132.380000,nan,5000.000000,5000.000000
1,166.173000,-45.899800,16625.729200,5.435480,23.500000,29.450000,135.630000,nan,5000.000000,5000.000000
1,166.224000,-45.915200,19227.878100,5.325890,23.500000,31.360000,139.490000,nan,5000.000000,5000.000000
1,166.275000,-45.930400,21963.444500,4.866070,23.500000,33.170000,143.850000,nan,5000.000000,5000.000000
1,166.324000,-45.945300,24828.085600,4.138390,23.500000,34.950000,148.310000,nan,5000.000000,5000.000000
1,166.372000,-45.959800,27822.026000,3.257270,23.500000,36.770000,151.910000,nan,5000.000000,5000.000000
1,166.419000,-45.974000,30947.840600,2.349060,23.500000,38.670000,152.890000,nan,5000.000000,5000.000000
1,166.464000,-45.987800,34206.857600,1.536030,23.500000,40.650000,148.960000,nan,5000.000000,5000.000000
1,166.509000,-46.001200,37600.637200,0.912920,23.500000,42.720000,138.010000,nan,5000.000000,5000.000000
1,166.551000,-46.014100,41129.865900,0.503630,23.500000,44.850000,120.480000,nan,5000.000000,5000.000000
1,166.593000,-46.026600,44791.157800,0.267760,23.500000,47.030000,103.810000,nan,5000.000000,5000.000000
1,166.632000,-46.038600,48578.584800,0.220880,23.500000,49.200000,112.920000,nan,5000.000000,5000.000000
1,166.670000,-46.050000,52485.718600,0.538330,23.500000,51.340000,125.100000,nan,5000.000000,5000.000000
1,165.927000,-45.776100,6350.775700,1.346870,23.500000,13.370000,124.600000,nan,5000.000000,5000.000000
1,165.984000,-45.793400,7906.544700,2.395420,23.500000,18.130000,124.980000,nan,5000.000000,5000.000000
1,166.039000,-45.810200,9769.246700,3.470360,23.500000,21.870000,126.310000,nan,5000.000000,5000.000000
1,166.094000,-45.826700,11871.709100,4.397590,23.500000,24.860000,128.340000,nan,5000.000000,5000.000000
1,166.147000,-45.842800,14167.486900,5.051040,23.500000,27.330000,130.960000,nan,5000.000000,5000.000000
1,166.199000,-45.858500,16625.729200,5.357740,23.500000,29.450000,134.170000,nan,5000.000000,5000.000000
1,166.250000,-45.874000,19227.878100,5.296520,23.500000,31.360000,137.970000,nan,5000.000000,5000.000000
1,166.300000,-45.889200,21963.444500,4.894230,23.500000,33.170000,142.330000,nan,5000.000000,5000.000000
1,166.349000,-45.904000,24828.085600,4.225180,23.500000,34.950000,146.890000,nan,5000.000000,5000.000000
1,166.397000,-45.918600,27822.026000,3.402350,23.500000,36.770000,150.560000,nan,5000.000000,5000.000000
1,166.444000,-45.932700,30947.840600,2.551190,23.500000,38.670000,151.380000,nan,5000.000000,5000.000000
1,166.490000,-45.946600,34206.857600,1.788220,23.500000,40.650000,147.120000,nan,5000.000000,5000.000000
1,166.534000,-45.959900,37600.637200,1.194280,23.500000,42.720000,137.170000,nan,5000.000000,5000.000000
1,166.577000,-45.972900,41129.865900,0.766720,23.500000,44.850000,124.860000,nan,5000.000000,5000.000000
1,166.618000,-45.985400,44791.157800,0.460810,23.500000,47.030000,116.900000,nan,5000.000000,5000.000000
1,166.658000,-45.997300,48578.584800,0.332450,23.500000,49.200000,121.630000,nan,5000.000000,5000.000000
1,166.696000,-46.008800,52485.718600,0.554450,23.500000,51.340000,126.680000,nan,5000.000000,5000.000000
1,165.952000,-45.734900,6350.775700,1.275130,23.500000,13.370000,124.370000,nan,5000.000000,5000.000000
1,166.009000,-45.752100,7906.544700,2.251190,23.500000,18.130000,124.230000,nan,5000.000000,5000.000000
1,166.065000,-45.769000,9769.246700,3.270530,23.500000,21.870000,125.420000,nan,5000.000000,5000.000000
1,166.120000,-45.785400,11871.709100,4.162260,23.500000,24.860000,127.420000,nan,5000.000000,5000.000000
1,166.173000,-45.801500,14167.486900,4.804350,23.500000,27.330000,130.030000,nan,5000.000000,5000.000000
1,166.225000,-45.817300,16625.729200,5.125460,23.500000,29.450000,133.170000,nan,5000.000000,5000.000000
1,166.276000,-45.832800,19227.878100,5.099580,23.500000,31.360000,136.880000,nan,5000.000000,5000.000000
1,166.326000,-45.847900,21963.444500,4.743880,23.500000,33.170000,141.160000,nan,5000.000000,5000.000000
1,166.375000,-45.862800,24828.085600,4.128790,23.500000,34.950000,145.730000,nan,5000.000000,5000.000000
1,166.423000,-45.877300,27822.026000,3.373390,23.500000,36.770000,149.400000,nan,5000.000000,5000.000000
1,166.470000,-45.891500,30947.840600,2.605430,23.500000,38.670000,149.970000,nan,5000.000000,5000.000000
1,166.516000,-45.905300,34206.857600,1.929820,23.500000,40.650000,145.310000,nan,5000.000000,5000.000000
1,166.560000,-45.918700,37600.637200,1.400660,23.500000,42.720000,135.990000,nan,5000.000000,5000.000000
1,166.603000,-45.931700,41129.865900,0.981850,23.500000,44.850000,126.490000,nan,5000.000000,5000.000000
1,166.644000,-45.944100,44791.157800,0.625920,23.500000,47.030000,122.300000,nan,5000.000000,5000.000000
1,166.684000,-45.956100,48578.584800,0.416730,23.500000,49.200000,127.420000,nan,5000.000000,5000.000000
1,166.722000,-45.967600,52485.718600,0.540210,23.500000,51.340000,129.760000,nan,5000.000000,5000.000000
1,165.978000,-45.693700,6350.775700,1.158980,23.500000,13.370000,124.940000,nan,5000.000000,5000.000000
1,166.035000,-45.710900,7906.544700,2.043620,23.500000,18.130000,123.960000,nan,5000.000000,5000.000000
1,166.091000,-45.727700,9769.246700,2.985950,23.500000,21.870000,124.930000,nan,5000.000000,5000.000000
1,166.145000,-45.744200,11871.709100,3.819370,23.500000,24.860000,126.900000,nan,5000.000000,5000.000000
1,166.199000,-45.760300,14167.486900,4.425670,23.500000,27.330000,129.490000,nan,5000.000000,5000.000000
1,166.251000,-45.776100,16625.729200,4.734350,23.500000,29.450000,132.560000,nan,5000.000000,5000.000000
1,166.302000,-45.791500,19227.878100,4.715480,23.500000,31.360000,136.110000,nan,5000.000000,5000.000000
1,166.352000,-45.806700,21963.444500,4.382120,23.500000,33.170000,140.240000,nan,5000.000000,5000.000000
1,166.401000,-45.821600,24828.085600,3.810440,23.500000,34.950000,144.690000,nan,5000.000000,5000.000000
1,166.449000,-45.836100,27822.026000,3.132790,23.500000,36.770000,148.150000,nan,5000.000000,5000.000000
1,166.496000,-45.850300,30947.840600,2.478450,23.500000,38.670000,148.110000,nan,5000.000000,5000.000000
1,166.542000,-45.864100,34206.857600,1.931760,23.500000,40.650000,142.680000,nan,5000.000000,5000.000000
1,166.586000,-45.877500,37600.637200,1.504470,23.500000,42.720000,133.710000,nan,5000.000000,5000.000000
1,166.629000,-45.890400,41129.865900,1.118500,23.500000,44.850000,126.220000,nan,5000.000000,5000.000000
1,166.670000,-45.902900,44791.157800,0.728310,23.500000,47.030000,124.650000,nan,5000.000000,5000.000000
1,166.710000,-45.914900,48578.584800,0.449550,23.500000,49.200000,131.920000,nan,5000.000000,5000.000000
1,166.747000,-45.926300,52485.718600,0.483410,23.500000,51.340000,134.200000,nan,5000.000000,5000.000000
1,166.004000,-45.652400,6350.775700,0.994690,23.500000,13.370000,126.060000,nan,5000.000000,5000.000000
1,166.061000,-45.669700,7906.544700,1.776770,23.500000,18.130000,123.890000,nan,5000.000000,5000.000000
1,166.117000,-45.686500,9769.246700,2.626040,23.500000,21.870000,124.560000,nan,5000.000000,5000.000000
1,166.171000,-45.703000,11871.709100,3.379870,23.500000,24.860000,126.490000,nan,5000.000000,5000.000000
1,166.224000,-45.719100,14167.486900,3.923080,23.500000,27.330000,129.090000,nan,5000.000000,5000.000000
1,166.276000,-45.734800,16625.729200,4.186490,23.500000,29.450000,132.100000,nan,5000.000000,5000.000000
1,166.328000,-45.750300,19227.878100,4.141530,23.500000,31.360000,135.510000,nan,5000.000000,5000.000000
1,166.378000,-45.765500,21963.444500,3.808290,23.500000,33.170000,139.430000,nan,5000.000000,5000.000000
1,166.427000,-45.780300,24828.085600,3.279120,23.500000,34.950000,143.610000,nan,5000.000000,5000.000000
1,166.475000,-45.794800,27822.026000,2.700010,23.500000,36.770000,146.470000,nan,5000.000000,5000.000000
1,166.522000,-45.809000,30947.840600,2.193670,23.500000,38.670000,145.200000,nan,5000.000000,5000.000000
1,166.567000,-45.822800,34206.857600,1.811980,23.500000,40.650000,138.610000,nan,5000.000000,5000.000000
1,166.612000,-45.836200,37600.637200,1.508180,23.500000,42.720000,130.050000,nan,5000.000000,5000.000000
1,166.654000,-45.849200,41129.865900,1.161780,23.500000,44.850000,124.430000,nan,5000.000000,5000.000000
1,166.696000,-45.861700,44791.157800,0.742960,23.500000,47.030000,125.200000,nan,5000.000000,5000.000000
1,166.735000,-45.873600,48578.584800,0.408450,23.500000,49.200000,136.500000,nan,5000.000000,5000.000000
1,166.773000,-45.885100,52485.718600,0.371980,23.500000,51.340000,141.260000,nan,5000.000000,5000.000000
1,166.030000,-45.611200,6350.775700,0.777570,23.500000,13.370000,127.510000,nan,5000.000000,5000.000000
1,166.087000,-45.628400,7906.544700,1.454280,23.500000,18.130000,123.580000,nan,5000.000000,5000.000000
1,166.142000,-45.645300,9769.246700,2.200920,23.500000,21.870000,123.910000,nan,5000.000000,5000.000000
1,166.197000,-45.661700,11871.709100,2.858280,23.500000,24.860000,125.870000,nan,5000.000000,5000.000000
1,166.250000,-45.677800,14167.486900,3.314840,23.500000,27.330000,128.580000,nan,5000.000000,5000.000000
1,166.302000,-45.693600,16625.729200,3.506450,23.500000,29.450000,131.680000,nan,5000.000000,5000.000000
1,166.353000,-45.709100,19227.878100,3.414840,23.500000,31.360000,135.070000,nan,5000.000000,5000.000000
1,166.403000,-45.724200,21963.444500,3.078980,23.500000,33.170000,138.830000,nan,5000.000000,5000.000000
1,166.453000,-45.739100,24828.085600,2.611670,23.500000,34.950000,142.550000,nan,5000.000000,5000.000000
1,166.501000,-45.753600,27822.026000,2.162450,23.500000,36.770000,144.210000,nan,5000.000000,5000.000000
1,166.547000,-45.767800,30947.840600,1.833280,23.500000,38.670000,140.900000,nan,5000.000000,5000.000000
1,166.593000,-45.781600,34206.857600,1.629600,23.500000,40.650000,133.040000,nan,5000.000000,5000.000000
1,166.637000,-45.795000,37600.637200,1.436710,23.500000,42.720000,125.310000,nan,5000.000000,5000.000000
1,166.680000,-45.808000,41129.865900,1.109170,23.500000,44.850000,121.470000,nan,5000.000000,5000.000000
1,166.721000,-45.820400,44791.157800,0.653200,23.500000,47.030000,124.420000,nan,5000.000000,5000.000000
1,166.761000,-45.832400,48578.584800,0.278010,23.500000,49.200000,144.850000,nan,5000.000000,5000.000000
1,166.799000,-45.843900,52485.718600,0.205300,23.500000,51.340000,160.120000,nan,5000.000000,5000.000000
1,166.056000,-45.570000,6350.775700,0.506070,23.500000,13.370000,129.210000,nan,5000.000000,5000.000000
1,166.113000,-45.587200,7906.544700,1.084360,23.500000,18.130000,122.390000,nan,5000.000000,5000.000000
1,166.168000,-45.604000,9769.246700,1.727300,23.500000,21.870000,122.520000,nan,5000.000000,5000.000000
1,166.223000,-45.620500,11871.709100,2.279870,23.500000,24.860000,124.720000,nan,5000.000000,5000.000000
1,166.276000,-45.636600,14167.486900,2.637840,23.500000,27.330000,127.800000,nan,5000.000000,5000.000000
1,166.328000,-45.652400,16625.729200,2.748950,23.500000,29.450000,131.330000,nan,5000.000000,5000.000000
1,166.379000,-45.667800,19227.878100,2.614960,23.500000,31.360000,135.110000,nan,5000.000000,5000.000000
1,166.429000,-45.683000,21963.444500,2.300440,23.500000,33.170000,139.030000,nan,5000.000000,5000.000000
1,166.478000,-45.697800,24828.085600,1.931850,23.500000,34.950000,142.190000,nan,5000.000000,5000.000000
1,166.526000,-45.712400,27822.026000,1.642970,23.500000,36.770000,141.820000,nan,5000.000000,5000.000000
1,166.573000,-45.726600,30947.840600,1.498930,23.500000,38.670000,135.770000,nan,5000.000000,5000.000000
1,166.619000,-45.740400,34206.857600,1.446080,23.500000,40.650000,127.090000,nan,5000.000000,5000.000000
1,166.663000,-45.753800,37600.637200,1.312190,23.500000,42.720000,120.430000,nan,5000.000000,5000.000000
1,166.706000,-45.766700,41129.865900,0.960820,23.500000,44.850000,117.560000,nan,5000.000000,5000.000000
1,166.747000,-45.779200,44791.157800,0.450280,23.500000,47.030000,121.670000,nan,5000.000000,5000.000000
1,166.787000,-45.791200,48578.584800,0.092670,23.500000,49.200000,201.410000,nan,5000.000000,5000.000000
1,166.825000,-45.802600,52485.718600,0.146170,23.500000,51.340000,253.800000,nan,5000.000000,5000.000000
1,166.081000,-45.528700,6350.775700,0.188360,23.500000,13.370000,132.490000,nan,5000.000000,5000.000000
1,166.138000,-45.546000,7906.544700,0.687140,23.500000,18.130000,118.770000,nan,5000.000000,5000.000000
1,166.194000,-45.562800,9769.246700,1.234980,23.500000,21.870000,119.630000,nan,5000.000000,5000.000000
1,166.248000,-45.579300,11871.709100,1.685260,23.500000,24.860000,122.670000,nan,5000.000000,5000.000000
1,166.302000,-45.595400,14167.486900,1.947930,23.500000,27.330000,126.680000,nan,5000.000000,5000.000000
1,166.354000,-45.611100,16625.729200,1.991140,23.500000,29.450000,131.340000,nan,5000.000000,5000.000000
1,166.405000,-45.626600,19227.878100,1.844140,23.500000,31.360000,136.470000,nan,5000.000000,5000.000000
1,166.455000,-45.641800,21963.444500,1.594650,23.500000,33.170000,141.460000,nan,5000.000000,5000.000000
1,166.504000,-45.656600,24828.085600,1.362960,23.500000,34.950000,144.130000,nan,5000.000000,5000.000000
1,166.552000,-45.671100,27822.026000,1.243420,23.500000,36.770000,140.830000,nan,5000.000000,5000.000000
1,166.599000,-45.685300,30947.840600,1.253720,23.500000,38.670000,131.910000,nan,5000.000000,5000.000000
1,166.645000,-45.699100,34206.857600,1.282560,23.500000,40.650000,122.790000,nan,5000.000000,5000.000000
1,166.689000,-45.712500,37600.637200,1.135310,23.500000,42.720000,116.280000,nan,5000.000000,5000.000000
1,166.732000,-45.725500,41129.865900,0.717440,23.500000,44.850000,111.720000,nan,5000.000000,5000.000000
1,166.773000,-45.738000,44791.157800,0.144870,23.500000,47.030000,102.980000,nan,5000.000000,5000.000000
1,166.813000,-45.749900,48578.584800,0.316910,23.500000,49.200000,293.400000,nan,5000.000000,5000.000000
1,166.851000,-45.761400,52485.718600,0.415470,23.500000,51.340000,292.870000,nan,5000.000000,5000.000000
1,166.107000,-45.487500,6350.775700,0.152070,23.500000,13.370000,306.250000,nan,5000.000000,5000.000000
1,166.164000,-45.504700,7906.544700,0.305880,23.500000,18.130000,104.940000,nan,5000.000000,5000.000000
1,166.220000,-45.521600,9769.246700,0.769840,23.500000,21.870000,113.670000,nan,5000.000000,5000.000000
1,166.274000,-45.538000,11871.709100,1.128870,23.500000,24.860000,119.340000,nan,5000.000000,5000.000000
1,166.327000,-45.554100,14167.486900,1.313080,23.500000,27.330000,125.430000,nan,5000.000000,5000.000000
1,166.380000,-45.569900,16625.729200,1.318520,23.500000,29.450000,132.640000,nan,5000.000000,5000.000000
1,166.431000,-45.585400,19227.878100,1.204660,23.500000,31.360000,140.960000,nan,5000.000000,5000.000000
1,166.481000,-45.600500,21963.444500,1.067840,23.500000,33.170000,148.510000,nan,5000.000000,5000.000000
1,166.530000,-45.615400,24828.085600,0.988860,23.500000,34.950000,150.380000,nan,5000.000000,5000.000000
1,166.578000,-45.629900,27822.026000,1.006160,23.500000,36.770000,143.240000,nan,5000.000000,5000.000000
1,166.625000,-45.644100,30947.840600,1.096800,23.500000,38.670000,131.670000,nan,5000.000000,5000.000000
1,166.670000,-45.657900,34206.857600,1.117680,23.500000,40.650000,121.470000,nan,5000.000000,5000.000000
1,166.715000,-45.671300,37600.637200,0.894580,23.500000,42.720000,112.690000,nan,5000.000000,5000.000000
1,166.758000,-45.684300,41129.865900,0.402660,23.500000,44.850000,96.490000,nan,5000.000000,5000.000000
1,166.799000,-45.696700,44791.157800,0.282390,23.500000,47.030000,325.200000,nan,5000.000000,5000.000000
1,166.838000,-45.708700,48578.584800,0.697390,23.500000,49.200000,304.260000,nan,5000.000000,5000.000000
1,166.876000,-45.720200,52485.718600,0.735860,23.500000,51.340000,302.210000,nan,5000.000000,5000.000000
1,166.133000,-45.446300,6350.775700,0.467180,23.500000,13.370000,310.210000,nan,5000.000000,5000.000000
1,166.190000,-45.463500,7906.544700,0.141650,23.500000,18.130000,12.400000,nan,5000.000000,5000.000000
1,166.246000,-45.480300,9769.246700,0.392010,23.500000,21.870000,99.580000,nan,5000.000000,5000.000000
1,166.300000,-45.496800,11871.709100,0.667850,23.500000,24.860000,114.270000,nan,5000.000000,5000.000000
1,166.353000,-45.512900,14167.486900,0.797760,23.500000,27.330000,125.000000,nan,5000.000000,5000.000000
1,166.405000,-45.528700,16625.729200,0.805370,23.500000,29.450000,137.440000,nan,5000.000000,5000.000000
1,166.456000,-45.544100,19227.878100,0.773990,23.500000,31.360000,151.380000,nan,5000.000000,5000.000000
1,166.507000,-45.559300,21963.444500,0.774800,23.500000,33.170000,160.940000,nan,5000.000000,5000.000000
1,166.556000,-45.574100,24828.085600,0.818280,23.500000,34.950000,159.570000,nan,5000.000000,5000.000000
1,166.604000,-45.588700,27822.026000,0.901770,23.500000,36.770000,148.510000,nan,5000.000000,5000.000000
1,166.651000,-45.602900,30947.840600,0.981020,23.500000,38.670000,134.940000,nan,5000.000000,5000.000000
1,166.696000,-45.616700,34206.857600,0.917840,23.500000,40.650000,122.580000,nan,5000.000000,5000.000000
1,166.741000,-45.630100,37600.637200,0.595450,23.500000,42.720000,106.920000,nan,5000.000000,5000.000000
1,166.783000,-45.643000,41129.865900,0.224650,23.500000,44.850000,25.080000,nan,5000.000000,5000.000000
1,166.825000,-45.655500,44791.157800,0.696530,23.500000,47.030000,318.470000,nan,5000.000000,5000.000000
1,166.864000,-45.667500,48578.584800,1.061060,23.500000,49.200000,309.020000,nan,5000.000000,5000.000000
1,166.902000,-45.678900,52485.718600,1.005430,23.500000,51.340000,307.060000,nan,5000.000000,5000.000000
1,166.159000,-45.405000,6350.775700,0.689480,23.500000,13.370000,311.960000,nan,5000.000000,5000.000000
1,166.216000,-45.422300,7906.544700,0.317670,23.500000,18.130000,331.580000,nan,5000.000000,5000.000000
1,166.271000,-45.439100,9769.246700,0.176520,23.500000,21.870000,60.310000,nan,5000.000000,5000.000000
1,166.326000,-45.455600,11871.709100,0.341480,23.500000,24.860000,106.840000,nan,5000.000000,5000.000000
1,166.379000,-45.471700,14167.486900,0.438990,23.500000,27.330000,127.570000,nan,5000.000000,5000.000000
1,166.431000,-45.487400,16625.729200,0.484660,23.500000,29.450000,148.420000,nan,5000.000000,5000.000000
1,166.482000,-45.502900,19227.878100,0.553780,23.500000,31.360000,166.100000,nan,5000.000000,5000.000000
1,166.532000,-45.518100,21963.444500,0.652380,23.500000,33.170000,172.180000,nan,5000.000000,5000.000000
1,166.581000,-45.532900,24828.085600,0.749060,23.500000,34.950000,166.190000,nan,5000.000000,5000.000000
1,166.629000,-45.547400,27822.026000,0.828030,23.500000,36.770000,153.410000,nan,5000.000000,5000.000000
1,166.676000,-45.561600,30947.840600,0.833870,23.500000,38.670000,139.220000,nan,5000.000000,5000.000000
1,166.722000,-45.575400,34206.857600,0.663920,23.500000,40.650000,123.950000,nan,5000.000000,5000.000000
1,166.766000,-45.588800,37600.637200,0.298720,23.500000,42.720000,87.310000,nan,5000.000000,5000.000000
1,166.809000,-45.601800,41129.865900,0.463870,23.500000,44.850000,338.650000,nan,5000.000000,5000.000000
1,166.850000,-45.614300,44791.157800,1.005650,23.500000,47.030000,318.600000,nan,5000.000000,5000.000000
1,166.890000,-45.626200,48578.584800,1.278970,23.500000,49.200000,312.480000,nan,5000.000000,5000.000000
1,166.928000,-45.637700,52485.718600,1.118850,23.500000,51.340000,310.560000,nan,5000.000000,5000.000000
1,166.184000,-45.363800,6350.775700,0.734100,23.500000,13.370000,313.490000,nan,5000.000000,5000.000000
1,166.241000,-45.381000,7906.544700,0.373150,23.500000,18.130000,325.110000,nan,5000.000000,5000.000000
1,166.297000,-45.397900,9769.246700,0.137430,23.500000,21.870000,10.660000,nan,5000.000000,5000.000000
1,166.351000,-45.414300,11871.709100,0.151190,23.500000,24.860000,96.860000,nan,5000.000000,5000.000000
1,166.405000,-45.430400,14167.486900,0.226370,23.500000,27.330000,134.840000,nan,5000.000000,5000.000000
1,166.457000,-45.446200,16625.729200,0.308330,23.500000,29.450000,161.890000,nan,5000.000000,5000.000000
1,166.508000,-45.461700,19227.878100,0.421160,23.500000,31.360000,176.150000,nan,5000.000000,5000.000000
1,166.558000,-45.476800,21963.444500,0.535450,23.500000,33.170000,176.860000,nan,5000.000000,5000.000000
1,166.607000,-45.491700,24828.085600,0.622950,23.500000,34.950000,168.570000,nan,5000.000000,5000.000000
1,166.655000,-45.506200,27822.026000,0.659430,23.500000,36.770000,156.170000,nan,5000.000000,5000.000000
1,166.702000,-45.520400,30947.840600,0.594740,23.500000,38.670000,142.180000,nan,5000.000000,5000.000000
1,166.748000,-45.534200,34206.857600,0.376950,23.500000,40.650000,122.110000,nan,5000.000000,5000.000000
1,166.792000,-45.547600,37600.637200,0.183690,23.500000,42.720000,26.720000,nan,5000.000000,5000.000000
1,166.835000,-45.560500,41129.865900,0.611380,23.500000,44.850000,331.080000,nan,5000.000000,5000.000000
1,166.876000,-45.573000,44791.157800,1.041420,23.500000,47.030000,320.170000,nan,5000.000000,5000.000000
1,166.916000,-45.585000,48578.584800,1.201480,23.500000,49.200000,315.450000,nan,5000.000000,5000.000000
1,166.954000,-45.596500,52485.718600,0.969980,23.500000,51.340000,313.480000,nan,5000.000000,5000.000000
1,166.210000,-45.322600,6350.775700,0.518600,23.500000,13.370000,314.830000,nan,5000.000000,5000.000000
1,166.267000,-45.339800,7906.544700,0.247670,23.500000,18.130000,323.570000,nan,5000.000000,5000.000000
1,166.323000,-45.356600,9769.246700,0.090720,23.500000,21.870000,354.020000,nan,5000.000000,5000.000000
1,166.377000,-45.373100,11871.709100,0.056220,23.500000,24.860000,87.570000,nan,5000.000000,5000.000000
1,166.430000,-45.389200,14167.486900,0.099760,23.500000,27.330000,142.430000,nan,5000.000000,5000.000000
1,166.483000,-45.405000,16625.729200,0.162120,23.500000,29.450000,169.330000,nan,5000.000000,5000.000000
1,166.534000,-45.420400,19227.878100,0.237630,23.500000,31.360000,179.190000,nan,5000.000000,5000.000000
1,166.584000,-45.435600,21963.444500,0.305490,23.500000,33.170000,177.190000,nan,5000.000000,5000.000000
1,166.633000,-45.450400,24828.085600,0.348700,23.500000,34.950000,168.540000,nan,5000.000000,5000.000000
1,166.681000,-45.465000,27822.026000,0.348420,23.500000,36.770000,156.910000,nan,5000.000000,5000.000000
1,166.728000,-45.479200,30947.840600,0.279140,23.500000,38.670000,142.530000,nan,5000.000000,5000.000000
1,166.774000,-45.493000,34206.857600,0.133310,23.500000,40.650000,110.510000,nan,5000.000000,5000.000000
1,166.818000,-45.506400,37600.637200,0.174990,23.500000,42.720000,354.850000,nan,5000.000000,5000.000000
1,166.861000,-45.519300,41129.865900,0.447510,23.500000,44.850000,330.300000,nan,5000.000000,5000.000000
1,166.902000,-45.531800,44791.157800,0.674630,23.500000,47.030000,322.140000,nan,5000.000000,5000.000000
1,166.941000,-45.543800,48578.584800,0.733360,23.500000,49.200000,318.030000,nan,5000.000000,5000.000000
1,166.979000,-45.555200,52485.718600,0.528590,23.500000,51.340000,316.040000,nan,5000.000000,5000.000000