segment,lon (deg),lat (deg),depth (m),slip (m),strike (deg),dip (deg),rake (deg),rupturetime (s),length (m),width (m), rise (s)
1,179.1888,-37.2297,3947.30,0.00,207.00,66.00,254.72,31.03,5000.0,4666.6,4.00
1,179.1629,-37.2698,3947.30,0.00,207.00,66.00,265.79,29.25,5000.0,4666.6,2.00
1,179.1371,-37.3099,3947.30,0.00,207.00,66.00,242.06,27.47,5000.0,4666.6,6.00
1,179.1112,-37.3500,3947.30,0.01,207.00,66.00,243.12,25.91,5000.0,4666.6,5.00
1,179.0854,-37.3901,3947.30,0.02,207.00,66.00,268.12,24.37,5000.0,4666.6,3.00
1,179.0596,-37.4302,3947.30,0.04,207.00,66.00,260.63,22.84,5000.0,4666.6,4.00
1,179.0337,-37.4703,3947.30,0.08,207.00,66.00,257.05,21.15,5000.0,4666.6,5.00
1,179.0079,-37.5104,3947.30,0.05,207.00,66.00,263.15,19.29,5000.0,4666.6,3.00
1,178.9820,-37.5505,3947.30,0.05,207.00,66.00,263.40,17.49,5000.0,4666.6,6.00
1,178.9562,-37.5906,3947.30,0.01,207.00,66.00,257.63,15.16,5000.0,4666.6,4.00
1,178.9304,-37.6307,3947.30,0.11,207.00,66.00,236.89,12.73,5000.0,4666.6,2.00
1,178.9045,-37.6707,3947.30,0.31,207.00,66.00,263.92,10.47,5000.0,4666.6,2.00
1,178.8787,-37.7108,3947.30,0.41,207.00,66.00,270.79,8.84,5000.0,4666.6,6.00
1,178.8528,-37.7509,3947.30,0.47,207.00,66.00,262.83,7.96,5000.0,4666.6,7.00
1,178.8270,-37.7910,3947.30,0.47,207.00,66.00,257.73,7.71,5000.0,4666.6,8.00
1,178.8012,-37.8311,3947.30,0.39,207.00,66.00,258.38,7.96,5000.0,4666.6,6.00
1,178.7753,-37.8712,3947.30,0.25,207.00,66.00,256.42,8.64,5000.0,4666.6,5.00
1,178.7495,-37.9113,3947.30,0.09,207.00,66.00,265.45,9.67,5000.0,4666.6,5.00
1,178.7236,-37.9514,3947.30,0.10,207.00,66.00,269.65,10.73,5000.0,4666.6,5.00
1,178.6978,-37.9915,3947.30,0.10,207.00,66.00,262.17,11.96,5000.0,4666.6,3.00
1,178.6720,-38.0316,3947.30,0.04,207.00,66.00,240.63,13.49,5000.0,4666.6,5.00
1,178.6461,-38.0717,3947.30,0.04,207.00,66.00,254.63,15.09,5000.0,4666.6,5.00
1,179.1695,-37.2220,8210.50,0.01,207.00,66.00,262.50,30.24,5000.0,4666.6,4.00
1,179.1437,-37.2621,8210.50,0.02,207.00,66.00,261.86,28.43,5000.0,4666.6,4.00
1,179.1178,-37.3022,8210.50,0.03,207.00,66.00,272.76,26.62,5000.0,4666.6,2.00
1,179.0920,-37.3423,8210.50,0.06,207.00,66.00,243.74,25.02,5000.0,4666.6,6.00
1,179.0661,-37.3823,8210.50,0.15,207.00,66.00,269.24,23.43,5000.0,4666.6,4.00
1,179.0403,-37.4224,8210.50,0.23,207.00,66.00,261.92,22.05,5000.0,4666.6,2.00
1,179.0145,-37.4625,8210.50,0.24,207.00,66.00,268.95,20.50,5000.0,4666.6,5.00
1,178.9886,-37.5026,8210.50,0.13,207.00,66.00,257.57,18.76,5000.0,4666.6,6.00
1,178.9628,-37.5427,8210.50,0.02,207.00,66.00,255.49,16.86,5000.0,4666.6,7.00
1,178.9369,-37.5828,8210.50,0.02,207.00,66.00,247.85,14.61,5000.0,4666.6,4.00
1,178.9111,-37.6229,8210.50,0.14,207.00,66.00,250.89,11.84,5000.0,4666.6,2.00
1,178.8853,-37.6630,8210.50,0.45,207.00,66.00,262.52,9.40,5000.0,4666.6,4.00
1,178.8594,-37.7031,8210.50,0.74,207.00,66.00,261.60,7.37,5000.0,4666.6,7.00
1,178.8336,-37.7432,8210.50,0.89,207.00,66.00,257.30,6.11,5000.0,4666.6,7.00
1,178.8078,-37.7833,8210.50,0.90,207.00,66.00,254.97,5.59,5000.0,4666.6,2.00
1,178.7819,-37.8234,8210.50,0.74,207.00,66.00,261.16,6.11,5000.0,4666.6,8.00
1,178.7561,-37.8634,8210.50,0.59,207.00,66.00,265.90,7.17,5000.0,4666.6,8.00
1,178.7302,-37.9035,8210.50,0.31,207.00,66.00,269.01,8.40,5000.0,4666.6,6.00
1,178.7044,-37.9436,8210.50,0.23,207.00,66.00,263.95,9.64,5000.0,4666.6,5.00
1,178.6786,-37.9837,8210.50,0.13,207.00,66.00,273.96,11.01,5000.0,4666.6,4.00
1,178.6527,-38.0238,8210.50,0.04,207.00,66.00,263.50,12.46,5000.0,4666.6,3.00
1,178.6269,-38.0639,8210.50,0.01,207.00,66.00,255.73,14.16,5000.0,4666.6,4.00
1,179.1502,-37.2142,12473.60,0.03,207.00,66.00,245.77,29.16,5000.0,4666.6,5.00
1,179.1244,-37.2543,12473.60,0.01,207.00,66.00,242.78,27.32,5000.0,4666.6,2.00
1,179.0986,-37.2944,12473.60,0.01,207.00,66.00,262.18,25.69,5000.0,4666.6,4.00
1,179.0727,-37.3345,12473.60,0.10,207.00,66.00,255.50,24.06,5000.0,4666.6,5.00
1,179.0469,-37.3746,12473.60,0.30,207.00,66.00,245.85,22.64,5000.0,4666.6,3.00
1,179.0211,-37.4147,12473.60,0.43,207.00,66.00,258.68,21.42,5000.0,4666.6,4.00
1,178.9952,-37.4548,12473.60,0.44,207.00,66.00,264.42,20.01,5000.0,4666.6,3.00
1,178.9694,-37.4949,12473.60,0.28,207.00,66.00,270.79,18.62,5000.0,4666.6,8.00
1,178.9435,-37.5350,12473.60,0.09,207.00,66.00,268.28,16.64,5000.0,4666.6,8.00
1,178.9177,-37.5750,12473.60,0.00,207.00,66.00,250.52,14.08,5000.0,4666.6,3.00
1,178.8919,-37.6151,12473.60,0.15,207.00,66.00,252.07,11.17,5000.0,4666.6,2.00
1,178.8660,-37.6552,12473.60,0.59,207.00,66.00,258.48,8.34,5000.0,4666.6,4.00
1,178.8402,-37.6953,12473.60,0.96,207.00,66.00,256.53,5.87,5000.0,4666.6,3.00
1,178.8143,-37.7354,12473.60,1.21,207.00,66.00,254.58,4.12,5000.0,4666.6,2.00
1,178.7885,-37.7755,12473.60,1.22,207.00,66.00,256.09,3.46,5000.0,4666.6,2.00
1,178.7627,-37.8156,12473.60,1.06,207.00,66.00,260.97,4.32,5000.0,4666.6,6.00
1,178.7368,-37.8557,12473.60,0.86,207.00,66.00,270.81,5.67,5000.0,4666.6,6.00
1,178.7110,-37.8958,12473.60,0.57,207.00,66.00,272.77,7.14,5000.0,4666.6,7.00
1,178.6851,-37.9359,12473.60,0.43,207.00,66.00,270.50,8.57,5000.0,4666.6,5.00
1,178.6593,-37.9760,12473.60,0.24,207.00,66.00,272.20,10.28,5000.0,4666.6,4.00
1,178.6335,-38.0161,12473.60,0.10,207.00,66.00,273.21,11.84,5000.0,4666.6,2.00
1,178.6076,-38.0562,12473.60,0.01,207.00,66.00,251.81,13.62,5000.0,4666.6,4.00
1,179.1310,-37.2065,16736.80,0.01,207.00,66.00,272.65,27.98,5000.0,4666.6,2.00
1,179.1052,-37.2466,16736.80,0.00,207.00,66.00,250.60,26.14,5000.0,4666.6,5.00
1,179.0793,-37.2866,16736.80,0.08,207.00,66.00,237.82,24.69,5000.0,4666.6,4.00
1,179.0535,-37.3267,16736.80,0.22,207.00,66.00,243.37,23.24,5000.0,4666.6,3.00
1,179.0276,-37.3668,16736.80,0.43,207.00,66.00,248.47,22.00,5000.0,4666.6,2.00
1,179.0018,-37.4069,16736.80,0.60,207.00,66.00,257.16,20.96,5000.0,4666.6,3.00
1,178.9760,-37.4470,16736.80,0.58,207.00,66.00,262.78,19.92,5000.0,4666.6,3.00
1,178.9501,-37.4871,16736.80,0.38,207.00,66.00,261.31,18.68,5000.0,4666.6,5.00
1,178.9243,-37.5272,16736.80,0.14,207.00,66.00,273.75,16.64,5000.0,4666.6,6.00
1,178.8984,-37.5673,16736.80,0.03,207.00,66.00,264.81,13.82,5000.0,4666.6,8.00
1,178.8726,-37.6074,16736.80,0.15,207.00,66.00,250.09,10.61,5000.0,4666.6,2.00
1,178.8468,-37.6475,16736.80,0.57,207.00,66.00,253.42,7.62,5000.0,4666.6,3.00
1,178.8209,-37.6876,16736.80,1.00,207.00,66.00,253.37,4.69,5000.0,4666.6,4.00
1,178.7951,-37.7277,16736.80,1.33,207.00,66.00,254.50,2.53,5000.0,4666.6,2.00
1,178.7693,-37.7678,16736.80,1.35,207.00,66.00,256.26,1.53,5000.0,4666.6,2.00
1,178.7434,-37.8078,16736.80,1.22,207.00,66.00,259.21,2.53,5000.0,4666.6,2.00
1,178.7176,-37.8479,16736.80,1.00,207.00,66.00,266.48,4.29,5000.0,4666.6,5.00
1,178.6917,-37.8880,16736.80,0.72,207.00,66.00,273.71,6.22,5000.0,4666.6,4.00
1,178.6659,-37.9281,16736.80,0.50,207.00,66.00,272.86,8.01,5000.0,4666.6,6.00
1,178.6401,-37.9682,16736.80,0.26,207.00,66.00,273.33,9.82,5000.0,4666.6,4.00
1,178.6142,-38.0083,16736.80,0.02,207.00,66.00,262.34,11.64,5000.0,4666.6,4.00
1,178.5884,-38.0484,16736.80,0.01,207.00,66.00,272.23,13.68,5000.0,4666.6,2.00
1,179.1117,-37.1987,21000.00,0.01,207.00,66.00,239.99,27.13,5000.0,4666.6,5.00
1,179.0859,-37.2388,21000.00,0.03,207.00,66.00,251.72,25.47,5000.0,4666.6,3.00
1,179.0601,-37.2789,21000.00,0.19,207.00,66.00,248.28,24.02,5000.0,4666.6,3.00
1,179.0342,-37.3190,21000.00,0.32,207.00,66.00,234.62,22.57,5000.0,4666.6,5.00
1,179.0084,-37.3591,21000.00,0.47,207.00,66.00,243.54,21.52,5000.0,4666.6,3.00
1,178.9826,-37.3992,21000.00,0.62,207.00,66.00,254.18,20.67,5000.0,4666.6,5.00
1,178.9567,-37.4393,21000.00,0.59,207.00,66.00,260.59,19.81,5000.0,4666.6,6.00
1,178.9309,-37.4794,21000.00,0.43,207.00,66.00,263.65,18.76,5000.0,4666.6,5.00
1,178.9050,-37.5194,21000.00,0.17,207.00,66.00,252.45,16.91,5000.0,4666.6,7.00
1,178.8792,-37.5595,21000.00,0.00,207.00,66.00,237.39,14.06,5000.0,4666.6,3.00
1,178.8534,-37.5996,21000.00,0.10,207.00,66.00,265.16,10.81,5000.0,4666.6,2.00
1,178.8275,-37.6397,21000.00,0.52,207.00,66.00,250.99,7.56,5000.0,4666.6,3.00
1,178.8017,-37.6798,21000.00,0.90,207.00,66.00,248.41,4.50,5000.0,4666.6,3.00
1,178.7758,-37.7199,21000.00,1.22,207.00,66.00,251.57,2.05,5000.0,4666.6,5.00
1,178.7500,-37.7600,21000.00,1.34,207.00,66.00,255.25,1.00,5000.0,4666.6,2.00
1,178.7242,-37.8001,21000.00,1.24,207.00,66.00,258.14,1.85,5000.0,4666.6,5.00
1,178.6983,-37.8402,21000.00,1.01,207.00,66.00,262.88,3.90,5000.0,4666.6,4.00
1,178.6725,-37.8803,21000.00,0.77,207.00,66.00,271.80,5.96,5000.0,4666.6,4.00
1,178.6466,-37.9204,21000.00,0.47,207.00,66.00,270.10,8.01,5000.0,4666.6,4.00
1,178.6208,-37.9605,21000.00,0.19,207.00,66.00,273.71,10.06,5000.0,4666.6,2.00
1,178.5950,-38.0006,21000.00,0.00,207.00,66.00,247.84,12.11,5000.0,4666.6,6.00
1,178.5691,-38.0406,21000.00,0.00,207.00,66.00,244.11,14.36,5000.0,4666.6,5.00
1,179.0925,-37.1910,25263.20,0.02,207.00,66.00,265.42,26.58,5000.0,4666.6,7.00
1,179.0667,-37.2310,25263.20,0.06,207.00,66.00,272.64,24.94,5000.0,4666.6,4.00
1,179.0408,-37.2711,25263.20,0.20,207.00,66.00,253.50,23.49,5000.0,4666.6,4.00
1,179.0150,-37.3112,25263.20,0.29,207.00,66.00,248.68,22.24,5000.0,4666.6,6.00
1,178.9891,-37.3513,25263.20,0.42,207.00,66.00,244.62,21.40,5000.0,4666.6,7.00
1,178.9633,-37.3914,25263.20,0.54,207.00,66.00,253.15,20.76,5000.0,4666.6,5.00
1,178.9375,-37.4315,25263.20,0.63,207.00,66.00,257.76,20.12,5000.0,4666.6,3.00
1,178.9116,-37.4716,25263.20,0.50,207.00,66.00,255.48,19.08,5000.0,4666.6,7.00
1,178.8858,-37.5117,25263.20,0.28,207.00,66.00,247.27,17.24,5000.0,4666.6,6.00
1,178.8599,-37.5518,25263.20,0.01,207.00,66.00,268.57,14.62,5000.0,4666.6,6.00
1,178.8341,-37.5919,25263.20,0.04,207.00,66.00,255.33,11.41,5000.0,4666.6,2.00
1,178.8083,-37.6320,25263.20,0.32,207.00,66.00,254.81,8.22,5000.0,4666.6,3.00
1,178.7824,-37.6721,25263.20,0.64,207.00,66.00,248.47,5.29,5000.0,4666.6,3.00
1,178.7566,-37.7122,25263.20,0.91,207.00,66.00,255.81,2.93,5000.0,4666.6,3.00
1,178.7307,-37.7522,25263.20,1.03,207.00,66.00,259.31,1.93,5000.0,4666.6,7.00
1,178.7049,-37.7923,25263.20,1.02,207.00,66.00,262.89,2.73,5000.0,4666.6,8.00
1,178.6791,-37.8324,25263.20,0.80,207.00,66.00,266.99,4.49,5000.0,4666.6,6.00
1,178.6532,-37.8725,25263.20,0.55,207.00,66.00,273.04,6.62,5000.0,4666.6,4.00
1,178.6274,-37.9126,25263.20,0.29,207.00,66.00,270.64,8.81,5000.0,4666.6,2.00
1,178.6016,-37.9527,25263.20,0.06,207.00,66.00,264.24,11.22,5000.0,4666.6,2.00
1,178.5757,-37.9928,25263.20,0.01,207.00,66.00,255.64,13.44,5000.0,4666.6,4.00
1,178.5499,-38.0329,25263.20,0.00,207.00,66.00,237.73,15.68,5000.0,4666.6,5.00
1,179.0732,-37.1832,29526.40,0.00,207.00,66.00,262.66,26.36,5000.0,4666.6,5.00
1,179.0474,-37.2233,29526.40,0.03,207.00,66.00,249.01,24.72,5000.0,4666.6,5.00
1,179.0216,-37.2634,29526.40,0.06,207.00,66.00,268.83,23.29,5000.0,4666.6,5.00
1,178.9957,-37.3035,29526.40,0.11,207.00,66.00,239.17,22.26,5000.0,4666.6,6.00
1,178.9699,-37.3436,29526.40,0.21,207.00,66.00,258.32,21.44,5000.0,4666.6,8.00
1,178.9440,-37.3837,29526.40,0.35,207.00,66.00,259.65,20.82,5000.0,4666.6,4.00
1,178.9182,-37.4238,29526.40,0.39,207.00,66.00,258.68,20.41,5000.0,4666.6,5.00
1,178.8924,-37.4638,29526.40,0.41,207.00,66.00,258.13,19.42,5000.0,4666.6,6.00
1,178.8665,-37.5039,29526.40,0.28,207.00,66.00,251.76,17.64,5000.0,4666.6,8.00
1,178.8407,-37.5440,29526.40,0.02,207.00,66.00,262.95,15.28,5000.0,4666.6,5.00
1,178.8149,-37.5841,29526.40,0.01,207.00,66.00,273.49,12.37,5000.0,4666.6,4.00
1,178.7890,-37.6242,29526.40,0.11,207.00,66.00,270.67,9.34,5000.0,4666.6,4.00
1,178.7632,-37.6643,29526.40,0.27,207.00,66.00,245.74,6.67,5000.0,4666.6,5.00
1,178.7373,-37.7044,29526.40,0.47,207.00,66.00,261.91,4.72,5000.0,4666.6,5.00
1,178.7115,-37.7445,29526.40,0.63,207.00,66.00,267.86,4.06,5000.0,4666.6,5.00
1,178.6857,-37.7846,29526.40,0.66,207.00,66.00,271.88,4.72,5000.0,4666.6,5.00
1,178.6598,-37.8247,29526.40,0.51,207.00,66.00,271.68,6.27,5000.0,4666.6,2.00
1,178.6340,-37.8648,29526.40,0.23,207.00,66.00,272.26,8.34,5000.0,4666.6,2.00
1,178.6081,-37.9049,29526.40,0.02,207.00,66.00,256.08,10.57,5000.0,4666.6,6.00
1,178.5823,-37.9450,29526.40,0.00,207.00,66.00,244.13,13.08,5000.0,4666.6,7.00
1,178.5565,-37.9850,29526.40,0.01,207.00,66.00,257.30,15.44,5000.0,4666.6,3.00
1,178.5306,-38.0251,29526.40,0.02,207.00,66.00,253.24,17.82,5000.0,4666.6,8.00
1,179.0540,-37.1754,33789.50,0.02,207.00,66.00,252.22,26.44,5000.0,4666.6,2.00
1,179.0282,-37.2155,33789.50,0.01,207.00,66.00,263.38,24.83,5000.0,4666.6,4.00
1,179.0023,-37.2556,33789.50,0.05,207.00,66.00,271.47,23.42,5000.0,4666.6,6.00
1,178.9765,-37.2957,33789.50,0.08,207.00,66.00,238.44,22.42,5000.0,4666.6,4.00
1,178.9506,-37.3358,33789.50,0.11,207.00,66.00,244.85,21.63,5000.0,4666.6,4.00
1,178.9248,-37.3759,33789.50,0.23,207.00,66.00,263.50,21.05,5000.0,4666.6,2.00
1,178.8990,-37.4160,33789.50,0.30,207.00,66.00,261.38,20.70,5000.0,4666.6,3.00
1,178.8731,-37.4561,33789.50,0.35,207.00,66.00,263.18,19.76,5000.0,4666.6,7.00
1,178.8473,-37.4962,33789.50,0.25,207.00,66.00,254.40,18.26,5000.0,4666.6,8.00
1,178.8214,-37.5363,33789.50,0.01,207.00,66.00,242.88,16.21,5000.0,4666.6,5.00
1,178.7956,-37.5764,33789.50,0.01,207.00,66.00,273.46,13.44,5000.0,4666.6,3.00
1,178.7698,-37.6165,33789.50,0.01,207.00,66.00,255.88,10.80,5000.0,4666.6,2.00
1,178.7439,-37.6566,33789.50,0.11,207.00,66.00,262.30,8.37,5000.0,4666.6,3.00
1,178.7181,-37.6966,33789.50,0.18,207.00,66.00,256.77,6.71,5000.0,4666.6,5.00
1,178.6922,-37.7367,33789.50,0.28,207.00,66.00,268.30,6.19,5000.0,4666.6,5.00
1,178.6664,-37.7768,33789.50,0.26,207.00,66.00,268.01,6.91,5000.0,4666.6,2.00
1,178.6406,-37.8169,33789.50,0.13,207.00,66.00,271.27,8.57,5000.0,4666.6,2.00
1,178.6147,-37.8570,33789.50,0.05,207.00,66.00,268.99,10.80,5000.0,4666.6,2.00
1,178.5889,-37.8971,33789.50,0.01,207.00,66.00,257.81,13.24,5000.0,4666.6,5.00
1,178.5631,-37.9372,33789.50,0.00,207.00,66.00,237.13,15.81,5000.0,4666.6,5.00
1,178.5372,-37.9773,33789.50,0.01,207.00,66.00,240.85,18.06,5000.0,4666.6,7.00
1,178.5114,-38.0174,33789.50,0.05,207.00,66.00,270.05,20.36,5000.0,4666.6,5.00
1,179.0347,-37.1677,38052.70,0.01,207.00,66.00,241.59,26.83,5000.0,4666.6,3.00
1,179.0089,-37.2078,38052.70,0.03,207.00,66.00,245.28,25.25,5000.0,4666.6,5.00
1,178.9831,-37.2479,38052.70,0.02,207.00,66.00,267.89,23.87,5000.0,4666.6,6.00
1,178.9572,-37.2880,38052.70,0.03,207.00,66.00,257.89,22.91,5000.0,4666.6,6.00
1,178.9314,-37.3281,38052.70,0.06,207.00,66.00,267.76,21.97,5000.0,4666.6,4.00
1,178.9055,-37.3682,38052.70,0.16,207.00,66.00,257.92,21.44,5000.0,4666.6,4.00
1,178.8797,-37.4082,38052.70,0.25,207.00,66.00,262.80,20.95,5000.0,4666.6,4.00
1,178.8539,-37.4483,38052.70,0.35,207.00,66.00,258.82,20.29,5000.0,4666.6,3.00
1,178.8280,-37.4884,38052.70,0.27,207.00,66.00,262.31,18.89,5000.0,4666.6,7.00
1,178.8022,-37.5285,38052.70,0.04,207.00,66.00,257.64,17.16,5000.0,4666.6,3.00
1,178.7764,-37.5686,38052.70,0.01,207.00,66.00,268.25,14.73,5000.0,4666.6,4.00
1,178.7505,-37.6087,38052.70,0.01,207.00,66.00,260.04,12.27,5000.0,4666.6,7.00
1,178.7247,-37.6488,38052.70,0.04,207.00,66.00,268.26,10.24,5000.0,4666.6,4.00
1,178.6988,-37.6889,38052.70,0.06,207.00,66.00,262.12,8.96,5000.0,4666.6,2.00
1,178.6730,-37.7290,38052.70,0.02,207.00,66.00,251.65,8.71,5000.0,4666.6,2.00
1,178.6472,-37.7691,38052.70,0.01,207.00,66.00,266.50,9.56,5000.0,4666.6,3.00
1,178.6213,-37.8092,38052.70,0.00,207.00,66.00,256.72,11.44,5000.0,4666.6,4.00
1,178.5955,-37.8493,38052.70,0.01,207.00,66.00,235.69,13.67,5000.0,4666.6,4.00
1,178.5696,-37.8893,38052.70,0.01,207.00,66.00,242.70,16.13,5000.0,4666.6,5.00
1,178.5438,-37.9294,38052.70,0.01,207.00,66.00,262.33,18.76,5000.0,4666.6,5.00
1,178.5180,-37.9695,38052.70,0.04,207.00,66.00,245.98,20.89,5000.0,4666.6,2.00
1,178.4921,-38.0096,38052.70,0.00,207.00,66.00,254.73,23.09,5000.0,4666.6,2.00
1,179.0155,-37.1599,42315.90,0.00,207.00,66.00,244.19,27.33,5000.0,4666.6,4.00
1,178.9897,-37.2000,42315.90,0.00,207.00,66.00,240.28,25.78,5000.0,4666.6,7.00
1,178.9638,-37.2401,42315.90,0.02,207.00,66.00,263.34,24.44,5000.0,4666.6,2.00
1,178.9380,-37.2802,42315.90,0.04,207.00,66.00,246.97,23.33,5000.0,4666.6,2.00
1,178.9121,-37.3203,42315.90,0.01,207.00,66.00,268.25,22.44,5000.0,4666.6,2.00
1,178.8863,-37.3604,42315.90,0.12,207.00,66.00,258.23,21.77,5000.0,4666.6,2.00
1,178.8605,-37.4005,42315.90,0.26,207.00,66.00,267.75,21.35,5000.0,4666.6,3.00
1,178.8346,-37.4406,42315.90,0.33,207.00,66.00,270.91,20.78,5000.0,4666.6,5.00
1,178.8088,-37.4807,42315.90,0.23,207.00,66.00,266.41,19.88,5000.0,4666.6,6.00
1,178.7829,-37.5208,42315.90,0.06,207.00,66.00,239.43,18.47,5000.0,4666.6,6.00
1,178.7571,-37.5609,42315.90,0.00,207.00,66.00,272.34,16.38,5000.0,4666.6,3.00
1,178.7313,-37.6009,42315.90,0.01,207.00,66.00,240.57,14.07,5000.0,4666.6,3.00
1,178.7054,-37.6410,42315.90,0.00,207.00,66.00,251.54,12.40,5000.0,4666.6,4.00
1,178.6796,-37.6811,42315.90,0.01,207.00,66.00,272.70,11.44,5000.0,4666.6,5.00
1,178.6537,-37.7212,42315.90,0.01,207.00,66.00,240.23,11.44,5000.0,4666.6,5.00
1,178.6279,-37.7613,42315.90,0.01,207.00,66.00,255.90,12.24,5000.0,4666.6,2.00
1,178.6021,-37.8014,42315.90,0.00,207.00,66.00,263.54,14.00,5000.0,4666.6,4.00
1,178.5762,-37.8415,42315.90,0.01,207.00,66.00,260.28,16.47,5000.0,4666.6,5.00
1,178.5504,-37.8816,42315.90,0.01,207.00,66.00,269.02,18.78,5000.0,4666.6,5.00
1,178.5245,-37.9217,42315.90,0.02,207.00,66.00,250.17,21.27,5000.0,4666.6,3.00
1,178.4987,-37.9618,42315.90,0.03,207.00,66.00,265.70,23.48,5000.0,4666.6,3.00
1,178.4729,-38.0019,42315.90,0.02,207.00,66.00,238.10,25.58,5000.0,4666.6,3.00
1,178.9962,-37.1522,46579.10,0.02,207.00,66.00,270.84,28.12,5000.0,4666.6,2.00
1,178.9704,-37.1923,46579.10,0.00,207.00,66.00,247.15,26.61,5000.0,4666.6,3.00
1,178.9446,-37.2324,46579.10,0.01,207.00,66.00,261.90,25.12,5000.0,4666.6,2.00
1,178.9187,-37.2725,46579.10,0.01,207.00,66.00,244.37,23.86,5000.0,4666.6,6.00
1,178.8929,-37.3126,46579.10,0.00,207.00,66.00,256.50,23.02,5000.0,4666.6,8.00
1,178.8670,-37.3526,46579.10,0.08,207.00,66.00,270.75,22.43,5000.0,4666.6,5.00
1,178.8412,-37.3927,46579.10,0.16,207.00,66.00,267.97,22.08,5000.0,4666.6,4.00
1,178.8154,-37.4328,46579.10,0.21,207.00,66.00,272.34,21.80,5000.0,4666.6,2.00
1,178.7895,-37.4729,46579.10,0.15,207.00,66.00,269.99,21.20,5000.0,4666.6,3.00
1,178.7637,-37.5130,46579.10,0.08,207.00,66.00,253.39,19.90,5000.0,4666.6,5.00
1,178.7378,-37.5531,46579.10,0.05,207.00,66.00,255.94,17.94,5000.0,4666.6,6.00
1,178.7120,-37.5932,46579.10,0.04,207.00,66.00,268.23,15.76,5000.0,4666.6,5.00
1,178.6862,-37.6333,46579.10,0.01,207.00,66.00,238.33,14.21,5000.0,4666.6,5.00
1,178.6603,-37.6734,46579.10,0.03,207.00,66.00,235.82,13.53,5000.0,4666.6,6.00
1,178.6345,-37.7135,46579.10,0.02,207.00,66.00,246.78,13.57,5000.0,4666.6,8.00
1,178.6087,-37.7536,46579.10,0.00,207.00,66.00,259.72,14.33,5000.0,4666.6,8.00
1,178.5828,-37.7937,46579.10,0.02,207.00,66.00,252.10,16.21,5000.0,4666.6,8.00
1,178.5570,-37.8337,46579.10,0.01,207.00,66.00,264.27,18.56,5000.0,4666.6,5.00
1,178.5311,-37.8738,46579.10,0.02,207.00,66.00,247.20,20.94,5000.0,4666.6,6.00
1,178.5053,-37.9139,46579.10,0.03,207.00,66.00,239.94,23.30,5000.0,4666.6,6.00
1,178.4795,-37.9540,46579.10,0.01,207.00,66.00,270.86,25.40,5000.0,4666.6,4.00
1,178.4536,-37.9941,46579.10,0.00,207.00,66.00,253.04,27.40,5000.0,4666.6,7.00